loc1,loc2,loc3,loc4,Objective
15,13,4,15,0.004325562
4,7,19,9,0.000982378
17,19,9,10,0.011526869
19,14,7,14,0.003232115
5,12,5,16,0.001508024
4,6,9,8,0
15,12,12,7,0.003232115
4,13,12,11,0
16,16,2,12,0.004350529
18,2,8,1,0.015943906
17,5,10,19,0.00334248
10,15,13,1,0.016363184
19,1,7,19,0.020763889
5,17,8,9,0.00360636
7,15,2,11,0.002549612
10,3,5,8,0.002503044
8,17,0,17,0.006591878
8,7,11,9,0.002724486
9,11,14,0,0.193048217
17,3,17,10,0
18,17,2,8,0.001303607
13,19,6,1,0.007027778
3,12,11,9,0
12,1,8,19,0.028850877
8,4,13,5,0
19,14,8,12,0.004104409
17,13,0,13,0
4,5,19,6,0.005481667
17,2,3,16,0
12,11,2,9,0.00245155
5,17,11,11,0
4,7,10,14,0.002840242
9,6,4,15,0.197133744
13,1,17,12,0.011229167
13,5,1,19,0.004830782
14,9,7,2,0.010151235
19,15,15,6,0.001716923
18,7,16,7,0.002843926
12,1,7,6,0.011557731
8,19,1,1,0.614324716
9,12,17,0,0.004180224
12,2,4,10,0
0,9,5,9,0.084333334
7,19,3,8,0
6,10,3,6,0.001384259
8,4,19,11,0.006852083
2,10,12,5,0
12,9,16,14,0.000715
0,10,17,5,0.048149775
1,13,3,11,0.006604418
18,6,18,12,0.011297342
3,12,12,14,0.005044479
15,7,7,17,0.002056911
2,2,19,16,0
18,16,0,16,0.026319632
18,6,14,6,0.002939231
5,11,11,16,0.001957738
6,16,12,1,0.001405556
5,9,18,17,0.003693845
10,12,8,1,0.010963333
1,12,17,7,0.015365819
9,14,17,18,0.003226883
2,12,12,13,0
5,19,12,17,0
14,10,12,15,0.001688398
3,15,10,11,0
2,14,19,11,0
11,7,14,11,0.002768519
9,13,14,10,0.004050493
16,11,10,8,0.008305556
14,3,4,10,0.001444444
3,15,16,7,0
5,17,1,9,0.005151942
11,7,12,13,0.002000608
10,14,19,8,0.001612255
2,10,9,12,0.003793541
19,2,4,5,1.904157905
7,19,17,1,0.029471326
13,7,18,5,0.092
2,6,5,13,0
13,6,14,12,0.001734705
19,14,13,7,0.004001217
16,14,5,9,0.989487293
2,15,14,0,0.00480848
3,11,17,15,0.00800651
9,9,18,9,0.004050946
4,5,10,17,0.008986339
8,15,12,0,0.003083052
6,4,2,13,0.00115647
1,11,5,11,0.17036734
4,19,13,16,0
17,17,3,12,0
17,11,5,7,0.437401428
5,5,3,3,0.001171296
3,15,7,10,0
17,5,1,10,0.010342767
11,10,9,18,0.001127915
12,19,4,15,0.001702381
9,11,6,19,0.003447589
8,11,9,17,0.006229167
