loc1,loc2,loc3,loc4,0
15,13,4,15,0.00432556195541
4,7,19,9,0.000982377544126
17,19,9,10,0.011526869221
19,14,7,14,0.0032321147973
5,12,5,16,0.00150802385041
4,6,9,8,0.0
15,12,12,7,0.0032321147973
4,13,12,11,0.0
16,16,2,12,0.00435052912399
18,2,8,1,0.0159439059031
17,5,10,19,0.00334247969282
10,15,13,1,0.0163631841678
19,1,7,19,0.0207638890008
5,17,8,9,0.00360635966857
7,15,2,11,0.00254961241685
10,3,5,8,0.00250304415353
8,17,0,17,0.00659187767267
8,7,11,9,0.00272448642953
9,11,14,0,0.193048217109
17,3,17,10,0.0
18,17,2,8,0.00130360682431
13,19,6,1,0.00702777781567
3,12,11,9,0.0
12,1,8,19,0.0288508773485
8,4,13,5,0.0
19,14,8,12,0.00410440933993
17,13,0,13,0.0
4,5,19,6,0.00548166669622
17,2,3,16,0.0
12,11,2,9,0.00245155040081
5,17,11,11,0.0
4,7,10,14,0.00284024181151
9,6,4,15,0.19713374443
13,1,17,12,0.0112291667272
13,5,1,19,0.00483078233897
14,9,7,2,0.0101512346226
19,15,15,6,0.00171692294016
18,7,16,7,0.00284392565303
12,1,7,6,0.011557730986
8,19,1,1,0.614324715956
9,12,17,0,0.00418022371344
12,2,4,10,0.0
0,9,5,9,0.084333333788
7,19,3,8,0.0
6,10,3,6,0.00138425926672
8,4,19,11,0.00685208337028
2,10,12,5,0.0
12,9,16,14,0.000715000003855
0,10,17,5,0.0481497750344
1,13,3,11,0.00660441770629
18,6,18,12,0.0112973417574
3,12,12,14,0.00504447855481
15,7,7,17,0.0020569105802
2,2,19,16,0.0
18,16,0,16,0.026319632274
18,6,14,6,0.00293923147251
5,11,11,16,0.00195773810579
6,16,12,1,0.00140555556313
5,9,18,17,0.00369384548263
10,12,8,1,0.0109633333924
1,12,17,7,0.0153658192919
9,14,17,18,0.00322688252905
2,12,12,13,0.0
5,19,12,17,0.0
14,10,12,15,0.00168839836639
3,15,10,11,0.0
2,14,19,11,0.0
11,7,14,11,0.00276851853345
9,13,14,10,0.00405049263268
16,11,10,8,0.00830555560034
14,3,4,10,0.00144444445223
3,15,16,7,0.0
5,17,1,9,0.00515194238367
11,7,12,13,0.00200060828329
10,14,19,8,0.00161225491065
2,10,9,12,0.00379354096624
19,2,4,5,1.904157905
7,19,17,1,0.0294713263238
13,7,18,5,0.092000000496
2,6,5,13,0.0
13,6,14,12,0.0017347046507
19,14,13,7,0.00400121656659
16,14,5,9,0.989487293471
2,15,14,0,0.00480847955809
3,11,17,15,0.00800651045984
9,9,18,9,0.00405094616449
4,5,10,17,0.00898633884627
8,15,12,0,0.00308305213511
6,4,2,13,0.00115646976714
1,11,5,11,0.170367339788
4,19,13,16,0.0
17,17,3,12,0.0
17,11,5,7,0.43740142812
5,5,3,3,0.00117129630261
3,15,7,10,0.0
17,5,1,10,0.0103427673514
11,10,9,18,0.00112791495807
12,19,4,15,0.00170238096156
9,11,6,19,0.00344758911712
8,11,9,17,0.00622916670025
