loc1,loc2,loc3,loc4,Fitness
5,15,14,7,0.000828046328734
15,4,8,6,0.00492955638149
10,6,6,0,0.0293660715869
5,12,1,7,0.00285503473762
10,6,1,16,0.577187258014
12,6,12,10,0.00721271933713
2,5,17,1,0.0101512346226
1,15,17,0,0.0317535570818
10,15,4,4,0.00980620160326
6,10,9,3,0.00469091282073
9,15,16,15,0.0064642295946
4,15,13,15,0.00153979401579
19,10,9,15,0.111046134619
11,7,10,5,0.0752385624972
17,14,14,6,0.00182317074154
5,18,19,6,0.0
10,19,15,1,0.0609074077358
16,16,16,11,0.0
0,19,16,5,0.0
3,14,11,8,0.0134795082694
